timeStamp,elapsed,label,responseCode,responseMessage,threadName,dataType,success,failureMessage,bytes,sentBytes,grpThreads,allThreads,URL,Latency,IdleTime,Connect
1730739706212,2788,OrangeHRMLogin,200,OK,First Application 1-7,text,true,,5898,320,100,200,https://opensource-demo.orangehrmlive.com/web/index.php/auth/login,472,0,229
1730739706212,472,OrangeHRMLogin-0,301,Moved Permanently,First Application 1-7,text,true,,949,160,100,200,http://opensource-demo.orangehrmlive.com/web/index.php/auth/login,472,0,229
1730739706684,2316,OrangeHRMLogin-1,200,OK,First Application 1-7,text,true,,4949,160,100,200,https://opensource-demo.orangehrmlive.com/web/index.php/auth/login,2316,0,939
1730739706609,2411,OrangeHRMLogin,200,OK,First Application 1-47,text,true,,5883,320,99,199,https://opensource-demo.orangehrmlive.com/web/index.php/auth/login,918,0,467
1730739706609,918,OrangeHRMLogin-0,301,Moved Permanently,First Application 1-47,text,true,,949,160,99,199,http://opensource-demo.orangehrmlive.com/web/index.php/auth/login,918,0,467
1730739707527,1493,OrangeHRMLogin-1,200,OK,First Application 1-47,text,true,,4934,160,99,199,https://opensource-demo.orangehrmlive.com/web/index.php/auth/login,1493,0,943
1730739706232,2870,OrangeHRMLogin,200,OK,First Application 1-9,text,true,,5893,320,98,198,https://opensource-demo.orangehrmlive.com/web/index.php/auth/login,1392,0,240
1730739706232,1392,OrangeHRMLogin-0,301,Moved Permanently,First Application 1-9,text,true,,949,160,98,198,http://opensource-demo.orangehrmlive.com/web/index.php/auth/login,1392,0,240
1730739707624,1478,OrangeHRMLogin-1,200,OK,First Application 1-9,text,true,,4944,160,98,198,https://opensource-demo.orangehrmlive.com/web/index.php/auth/login,1478,0,915
1730739706202,3009,OrangeHRMLogin,200,OK,First Application 1-6,text,true,,5884,320,97,197,https://opensource-demo.orangehrmlive.com/web/index.php/auth/login,473,0,233
1730739706202,473,OrangeHRMLogin-0,301,Moved Permanently,First Application 1-6,text,true,,949,160,97,197,http://opensource-demo.orangehrmlive.com/web/index.php/auth/login,473,0,233
1730739706675,2536,OrangeHRMLogin-1,200,OK,First Application 1-6,text,true,,4935,160,97,197,https://opensource-demo.orangehrmlive.com/web/index.php/auth/login,2536,0,1969
1730739706192,3034,OrangeHRMLogin,200,OK,First Application 1-5,text,true,,5884,320,96,196,https://opensource-demo.orangehrmlive.com/web/index.php/auth/login,483,0,240
1730739706192,483,OrangeHRMLogin-0,301,Moved Permanently,First Application 1-5,text,true,,949,160,96,196,http://opensource-demo.orangehrmlive.com/web/index.php/auth/login,483,0,240
1730739706676,2550,OrangeHRMLogin-1,200,OK,First Application 1-5,text,true,,4935,160,96,196,https://opensource-demo.orangehrmlive.com/web/index.php/auth/login,2550,0,1982
1730739706812,2434,OrangeHRMLogin,200,OK,First Application 1-67,text,true,,5877,320,95,195,https://opensource-demo.orangehrmlive.com/web/index.php/auth/login,906,0,447
1730739706812,906,OrangeHRMLogin-0,301,Moved Permanently,First Application 1-67,text,true,,949,160,95,195,http://opensource-demo.orangehrmlive.com/web/index.php/auth/login,906,0,447
1730739707718,1528,OrangeHRMLogin-1,200,OK,First Application 1-67,text,true,,4928,160,95,195,https://opensource-demo.orangehrmlive.com/web/index.php/auth/login,1528,0,960
1730739706781,2476,OrangeHRMLogin,200,OK,First Application 1-64,text,true,,5878,320,94,194,https://opensource-demo.orangehrmlive.com/web/index.php/auth/login,961,0,478
1730739706781,961,OrangeHRMLogin-0,301,Moved Permanently,First Application 1-64,text,true,,949,160,94,194,http://opensource-demo.orangehrmlive.com/web/index.php/auth/login,961,0,478
1730739707742,1515,OrangeHRMLogin-1,200,OK,First Application 1-64,text,true,,4929,160,94,194,https://opensource-demo.orangehrmlive.com/web/index.php/auth/login,1515,0,949
1730739706415,2882,OrangeHRMLogin,200,OK,First Application 1-28,text,true,,5897,320,93,193,https://opensource-demo.orangehrmlive.com/web/index.php/auth/login,1378,0,248
1730739706415,1378,OrangeHRMLogin-0,301,Moved Permanently,First Application 1-28,text,true,,949,160,93,193,http://opensource-demo.orangehrmlive.com/web/index.php/auth/login,1378,0,248
1730739707793,1504,OrangeHRMLogin-1,200,OK,First Application 1-28,text,true,,4948,160,93,193,https://opensource-demo.orangehrmlive.com/web/index.php/auth/login,1504,0,949
1730739707111,2336,OrangeHRMLogin,200,OK,First Application 1-97,text,true,,5876,320,92,192,https://opensource-demo.orangehrmlive.com/web/index.php/auth/login,914,0,454
1730739707111,914,OrangeHRMLogin-0,301,Moved Permanently,First Application 1-97,text,true,,949,160,92,192,http://opensource-demo.orangehrmlive.com/web/index.php/auth/login,914,0,454
1730739708026,1421,OrangeHRMLogin-1,200,OK,First Application 1-97,text,true,,4927,160,92,192,https://opensource-demo.orangehrmlive.com/web/index.php/auth/login,1421,0,908
1730739707101,2359,OrangeHRMLogin,200,OK,First Application 1-96,text,true,,5888,320,91,191,https://opensource-demo.orangehrmlive.com/web/index.php/auth/login,932,0,470
1730739707101,932,OrangeHRMLogin-0,301,Moved Permanently,First Application 1-96,text,true,,949,160,91,191,http://opensource-demo.orangehrmlive.com/web/index.php/auth/login,932,0,470
1730739708033,1427,OrangeHRMLogin-1,200,OK,First Application 1-96,text,true,,4939,160,91,191,https://opensource-demo.orangehrmlive.com/web/index.php/auth/login,1427,0,904
1730739706516,3270,OrangeHRMLogin,200,OK,First Application 1-38,text,true,,5886,320,90,190,https://opensource-demo.orangehrmlive.com/web/index.php/auth/login,750,0,299
1730739706516,750,OrangeHRMLogin-0,301,Moved Permanently,First Application 1-38,text,true,,949,160,90,190,http://opensource-demo.orangehrmlive.com/web/index.php/auth/login,750,0,299
1730739707267,2519,OrangeHRMLogin-1,200,OK,First Application 1-38,text,true,,4937,160,90,190,https://opensource-demo.orangehrmlive.com/web/index.php/auth/login,2519,0,1961
1730739706292,3519,OrangeHRMLogin,200,OK,First Application 1-16,text,true,,5885,320,89,189,https://opensource-demo.orangehrmlive.com/web/index.php/auth/login,550,0,252
1730739706292,550,OrangeHRMLogin-0,301,Moved Permanently,First Application 1-16,text,true,,949,160,89,189,http://opensource-demo.orangehrmlive.com/web/index.php/auth/login,550,0,252
1730739706843,2968,OrangeHRMLogin-1,200,OK,First Application 1-16,text,true,,4936,160,89,189,https://opensource-demo.orangehrmlive.com/web/index.php/auth/login,2967,0,2181
1730739706681,3315,OrangeHRMLogin,200,OK,First Application 1-54,text,true,,5899,320,88,188,https://opensource-demo.orangehrmlive.com/web/index.php/auth/login,920,0,460
1730739706681,920,OrangeHRMLogin-0,301,Moved Permanently,First Application 1-54,text,true,,949,160,88,188,http://opensource-demo.orangehrmlive.com/web/index.php/auth/login,920,0,460
1730739707602,2394,OrangeHRMLogin-1,200,OK,First Application 1-54,text,true,,4950,160,88,188,https://opensource-demo.orangehrmlive.com/web/index.php/auth/login,2394,0,912
1730739706558,3462,OrangeHRMLogin,200,OK,First Application 1-42,text,true,,5889,320,87,187,https://opensource-demo.orangehrmlive.com/web/index.php/auth/login,734,0,286
1730739706558,734,OrangeHRMLogin-0,301,Moved Permanently,First Application 1-42,text,true,,949,160,87,187,http://opensource-demo.orangehrmlive.com/web/index.php/auth/login,734,0,286
1730739707292,2728,OrangeHRMLogin-1,200,OK,First Application 1-42,text,true,,4940,160,87,187,https://opensource-demo.orangehrmlive.com/web/index.php/auth/login,2728,0,1944
1730739706324,3699,OrangeHRMLogin,200,OK,First Application 1-19,text,true,,5900,320,86,186,https://opensource-demo.orangehrmlive.com/web/index.php/auth/login,581,0,237
1730739706324,581,OrangeHRMLogin-0,301,Moved Permanently,First Application 1-19,text,true,,949,160,86,186,http://opensource-demo.orangehrmlive.com/web/index.php/auth/login,581,0,237
1730739706906,3117,OrangeHRMLogin-1,200,OK,First Application 1-19,text,true,,4951,160,86,186,https://opensource-demo.orangehrmlive.com/web/index.php/auth/login,3117,0,2175
1730739706658,3377,OrangeHRMLogin,200,OK,First Application 1-52,text,true,,5895,320,85,185,https://opensource-demo.orangehrmlive.com/web/index.php/auth/login,1911,0,1466
1730739706658,1912,OrangeHRMLogin-0,301,Moved Permanently,First Application 1-52,text,true,,949,160,85,185,http://opensource-demo.orangehrmlive.com/web/index.php/auth/login,1911,0,1466
1730739708570,1465,OrangeHRMLogin-1,200,OK,First Application 1-52,text,true,,4946,160,85,185,https://opensource-demo.orangehrmlive.com/web/index.php/auth/login,1465,0,906
1730739706791,3468,OrangeHRMLogin,200,OK,First Application 1-65,text,true,,5879,320,84,184,https://opensource-demo.orangehrmlive.com/web/index.php/auth/login,937,0,468
1730739706791,937,OrangeHRMLogin-0,301,Moved Permanently,First Application 1-65,text,true,,949,160,84,184,http://opensource-demo.orangehrmlive.com/web/index.php/auth/login,937,0,468
1730739707728,2531,OrangeHRMLogin-1,200,OK,First Application 1-65,text,true,,4930,160,84,184,https://opensource-demo.orangehrmlive.com/web/index.php/auth/login,2531,0,1956
1730739706222,4059,OrangeHRMLogin,200,OK,First Application 1-8,text,true,,5888,320,83,183,https://opensource-demo.orangehrmlive.com/web/index.php/auth/login,500,0,251
1730739706222,500,OrangeHRMLogin-0,301,Moved Permanently,First Application 1-8,text,true,,949,160,83,183,http://opensource-demo.orangehrmlive.com/web/index.php/auth/login,500,0,251
1730739706723,3558,OrangeHRMLogin-1,200,OK,First Application 1-8,text,true,,4939,160,83,183,https://opensource-demo.orangehrmlive.com/web/index.php/auth/login,3558,0,2948
1730739706259,4089,OrangeHRMLogin,200,OK,First Application 1-13,text,true,,5880,320,82,182,https://opensource-demo.orangehrmlive.com/web/index.php/auth/login,508,0,243
1730739706259,508,OrangeHRMLogin-0,301,Moved Permanently,First Application 1-13,text,true,,949,160,82,182,http://opensource-demo.orangehrmlive.com/web/index.php/auth/login,508,0,243
1730739706767,3581,OrangeHRMLogin-1,200,OK,First Application 1-13,text,true,,4931,160,82,182,https://opensource-demo.orangehrmlive.com/web/index.php/auth/login,3581,0,2791
1730739706743,3626,OrangeHRMLogin,200,OK,First Application 1-62,text,true,,5881,320,81,181,https://opensource-demo.orangehrmlive.com/web/index.php/auth/login,2124,0,482
1730739706743,2124,OrangeHRMLogin-0,301,Moved Permanently,First Application 1-62,text,true,,949,160,81,181,http://opensource-demo.orangehrmlive.com/web/index.php/auth/login,2124,0,482
1730739708868,1501,OrangeHRMLogin-1,200,OK,First Application 1-62,text,true,,4932,160,81,181,https://opensource-demo.orangehrmlive.com/web/index.php/auth/login,1501,0,952
1730739706269,4102,OrangeHRMLogin,200,OK,First Application 1-14,text,true,,5872,320,80,180,https://opensource-demo.orangehrmlive.com/web/index.php/auth/login,504,0,242
1730739706269,504,OrangeHRMLogin-0,301,Moved Permanently,First Application 1-14,text,true,,949,160,80,180,http://opensource-demo.orangehrmlive.com/web/index.php/auth/login,504,0,242
1730739706773,3598,OrangeHRMLogin-1,200,OK,First Application 1-14,text,true,,4923,160,80,180,https://opensource-demo.orangehrmlive.com/web/index.php/auth/login,3598,0,2225
1730739706171,4240,OrangeHRMLogin,200,OK,First Application 1-3,text,true,,5880,320,79,179,https://opensource-demo.orangehrmlive.com/web/index.php/auth/login,482,0,237
1730739706171,482,OrangeHRMLogin-0,301,Moved Permanently,First Application 1-3,text,true,,949,160,79,179,http://opensource-demo.orangehrmlive.com/web/index.php/auth/login,482,0,237
1730739706654,3757,OrangeHRMLogin-1,200,OK,First Application 1-3,text,true,,4931,160,79,179,https://opensource-demo.orangehrmlive.com/web/index.php/auth/login,3757,0,3080
1730739706375,4129,OrangeHRMLogin,200,OK,First Application 1-24,text,true,,5902,320,78,178,https://opensource-demo.orangehrmlive.com/web/index.php/auth/login,1379,0,234
1730739706375,1379,OrangeHRMLogin-0,301,Moved Permanently,First Application 1-24,text,true,,949,160,78,178,http://opensource-demo.orangehrmlive.com/web/index.php/auth/login,1379,0,234
1730739707754,2750,OrangeHRMLogin-1,200,OK,First Application 1-24,text,true,,4953,160,78,178,https://opensource-demo.orangehrmlive.com/web/index.php/auth/login,2750,0,1945
1730739706524,3992,OrangeHRMLogin,200,OK,First Application 1-39,text,true,,5876,320,77,177,https://opensource-demo.orangehrmlive.com/web/index.php/auth/login,776,0,297
1730739706524,776,OrangeHRMLogin-0,301,Moved Permanently,First Application 1-39,text,true,,949,160,77,177,http://opensource-demo.orangehrmlive.com/web/index.php/auth/login,776,0,297
1730739707300,3216,OrangeHRMLogin-1,200,OK,First Application 1-39,text,true,,4927,160,77,177,https://opensource-demo.orangehrmlive.com/web/index.php/auth/login,3216,0,2353
1730739706253,4275,OrangeHRMLogin,200,OK,First Application 1-11,text,true,,5891,320,76,176,https://opensource-demo.orangehrmlive.com/web/index.php/auth/login,484,0,235
1730739706253,484,OrangeHRMLogin-0,301,Moved Permanently,First Application 1-11,text,true,,949,160,76,176,http://opensource-demo.orangehrmlive.com/web/index.php/auth/login,484,0,235
1730739706737,3791,OrangeHRMLogin-1,200,OK,First Application 1-11,text,true,,4942,160,76,176,https://opensource-demo.orangehrmlive.com/web/index.php/auth/login,3791,0,2202
1730739706750,3835,OrangeHRMLogin,200,OK,First Application 1-61,text,true,,5888,320,75,175,https://opensource-demo.orangehrmlive.com/web/index.php/auth/login,2112,0,474
1730739706750,2112,OrangeHRMLogin-0,301,Moved Permanently,First Application 1-61,text,true,,949,160,75,175,http://opensource-demo.orangehrmlive.com/web/index.php/auth/login,2112,0,474
1730739708862,1723,OrangeHRMLogin-1,200,OK,First Application 1-61,text,true,,4939,160,75,175,https://opensource-demo.orangehrmlive.com/web/index.php/auth/login,1723,0,953
1730739706302,4476,OrangeHRMLogin,200,OK,First Application 1-17,text,true,,5897,320,74,173,https://opensource-demo.orangehrmlive.com/web/index.php/auth/login,567,0,247
1730739706302,567,OrangeHRMLogin-0,301,Moved Permanently,First Application 1-17,text,true,,949,160,74,173,http://opensource-demo.orangehrmlive.com/web/index.php/auth/login,567,0,247
1730739706869,3909,OrangeHRMLogin-1,200,OK,First Application 1-17,text,true,,4948,160,74,173,https://opensource-demo.orangehrmlive.com/web/index.php/auth/login,3909,0,916
1730739706407,4375,OrangeHRMLogin,200,OK,First Application 1-27,text,true,,5884,320,73,172,https://opensource-demo.orangehrmlive.com/web/index.php/auth/login,1390,0,257
1730739706407,1390,OrangeHRMLogin-0,301,Moved Permanently,First Application 1-27,text,true,,949,160,73,172,http://opensource-demo.orangehrmlive.com/web/index.php/auth/login,1390,0,257
1730739707798,2984,OrangeHRMLogin-1,200,OK,First Application 1-27,text,true,,4935,160,73,172,https://opensource-demo.orangehrmlive.com/web/index.php/auth/login,2984,0,2226
1730739706331,4592,OrangeHRMLogin,200,OK,First Application 1-20,text,true,,5874,320,72,171,https://opensource-demo.orangehrmlive.com/web/index.php/auth/login,506,0,230
1730739706331,506,OrangeHRMLogin-0,301,Moved Permanently,First Application 1-20,text,true,,949,160,72,171,http://opensource-demo.orangehrmlive.com/web/index.php/auth/login,506,0,230
1730739706837,4086,OrangeHRMLogin-1,200,OK,First Application 1-20,text,true,,4925,160,72,171,https://opensource-demo.orangehrmlive.com/web/index.php/auth/login,4086,0,934
1730739706649,4349,OrangeHRMLogin,200,OK,First Application 1-51,text,true,,5888,320,71,170,https://opensource-demo.orangehrmlive.com/web/index.php/auth/login,1979,0,1521
1730739706649,1979,OrangeHRMLogin-0,301,Moved Permanently,First Application 1-51,text,true,,949,160,71,170,http://opensource-demo.orangehrmlive.com/web/index.php/auth/login,1979,0,1521
1730739708628,2370,OrangeHRMLogin-1,200,OK,First Application 1-51,text,true,,4939,160,71,170,https://opensource-demo.orangehrmlive.com/web/index.php/auth/login,2370,0,934
1730739706690,4310,OrangeHRMLogin,200,OK,First Application 1-55,text,true,,5876,320,70,169,https://opensource-demo.orangehrmlive.com/web/index.php/auth/login,1963,0,1496
1730739706690,1963,OrangeHRMLogin-0,301,Moved Permanently,First Application 1-55,text,true,,949,160,70,169,http://opensource-demo.orangehrmlive.com/web/index.php/auth/login,1963,0,1496
1730739708653,2347,OrangeHRMLogin-1,200,OK,First Application 1-55,text,true,,4927,160,70,169,https://opensource-demo.orangehrmlive.com/web/index.php/auth/login,2347,0,949
1730739706349,4724,OrangeHRMLogin,200,OK,First Application 1-22,text,true,,5874,320,69,168,https://opensource-demo.orangehrmlive.com/web/index.php/auth/login,727,0,248
1730739706349,727,OrangeHRMLogin-0,301,Moved Permanently,First Application 1-22,text,true,,949,160,69,168,http://opensource-demo.orangehrmlive.com/web/index.php/auth/login,727,0,248
1730739707076,3997,OrangeHRMLogin-1,200,OK,First Application 1-22,text,true,,4925,160,69,168,https://opensource-demo.orangehrmlive.com/web/index.php/auth/login,3997,0,3176
1730739706605,4573,OrangeHRMLogin,200,OK,First Application 1-48,text,true,,5878,320,68,167,https://opensource-demo.orangehrmlive.com/web/index.php/auth/login,1908,0,1473
1730739706605,1908,OrangeHRMLogin-0,301,Moved Permanently,First Application 1-48,text,true,,949,160,68,167,http://opensource-demo.orangehrmlive.com/web/index.php/auth/login,1908,0,1473
1730739708514,2664,OrangeHRMLogin-1,200,OK,First Application 1-48,text,true,,4929,160,68,167,https://opensource-demo.orangehrmlive.com/web/index.php/auth/login,2664,0,912
1730739706721,4469,OrangeHRMLogin,200,OK,First Application 1-58,text,true,,5883,320,67,166,https://opensource-demo.orangehrmlive.com/web/index.php/auth/login,903,0,474
1730739706721,903,OrangeHRMLogin-0,301,Moved Permanently,First Application 1-58,text,true,,949,160,67,166,http://opensource-demo.orangehrmlive.com/web/index.php/auth/login,903,0,474
1730739707624,3566,OrangeHRMLogin-1,200,OK,First Application 1-58,text,true,,4934,160,67,166,https://opensource-demo.orangehrmlive.com/web/index.php/auth/login,3566,0,1919
1730739706145,5108,OrangeHRMLogin,200,OK,First Application 1-1,text,true,,5890,320,66,165,https://opensource-demo.orangehrmlive.com/web/index.php/auth/login,486,0,243
1730739706145,486,OrangeHRMLogin-0,301,Moved Permanently,First Application 1-1,text,true,,949,160,66,165,http://opensource-demo.orangehrmlive.com/web/index.php/auth/login,486,0,243
1730739706631,4622,OrangeHRMLogin-1,200,OK,First Application 1-1,text,true,,4941,160,66,165,https://opensource-demo.orangehrmlive.com/web/index.php/auth/login,4622,0,1903
1730739707030,4229,OrangeHRMLogin,200,OK,First Application 1-89,text,true,,5896,320,65,164,https://opensource-demo.orangehrmlive.com/web/index.php/auth/login,956,0,488
1730739707030,956,OrangeHRMLogin-0,301,Moved Permanently,First Application 1-89,text,true,,949,160,65,164,http://opensource-demo.orangehrmlive.com/web/index.php/auth/login,956,0,488
1730739707986,3273,OrangeHRMLogin-1,200,OK,First Application 1-89,text,true,,4947,160,65,164,https://opensource-demo.orangehrmlive.com/web/index.php/auth/login,3273,0,2499
1730739706243,5104,OrangeHRMLogin,200,OK,First Application 1-10,text,true,,5900,320,64,163,https://opensource-demo.orangehrmlive.com/web/index.php/auth/login,497,0,241
1730739706243,497,OrangeHRMLogin-0,301,Moved Permanently,First Application 1-10,text,true,,949,160,64,163,http://opensource-demo.orangehrmlive.com/web/index.php/auth/login,497,0,241
1730739706741,4606,OrangeHRMLogin-1,200,OK,First Application 1-10,text,true,,4951,160,64,163,https://opensource-demo.orangehrmlive.com/web/index.php/auth/login,4606,0,3763
1730739706442,4906,OrangeHRMLogin,200,OK,First Application 1-31,text,true,,5893,320,63,162,https://opensource-demo.orangehrmlive.com/web/index.php/auth/login,1435,0,252
1730739706442,1435,OrangeHRMLogin-0,301,Moved Permanently,First Application 1-31,text,true,,949,160,63,162,http://opensource-demo.orangehrmlive.com/web/index.php/auth/login,1435,0,252
1730739707878,3470,OrangeHRMLogin-1,200,OK,First Application 1-31,text,true,,4944,160,63,162,https://opensource-demo.orangehrmlive.com/web/index.php/auth/login,3470,0,2639
1730739706335,5030,OrangeHRMLogin,200,OK,First Application 1-21,text,true,,5897,320,62,161,https://opensource-demo.orangehrmlive.com/web/index.php/auth/login,676,0,246
1730739706335,676,OrangeHRMLogin-0,301,Moved Permanently,First Application 1-21,text,true,,949,160,62,161,http://opensource-demo.orangehrmlive.com/web/index.php/auth/login,676,0,246
1730739707012,4353,OrangeHRMLogin-1,200,OK,First Application 1-21,text,true,,4948,160,62,161,https://opensource-demo.orangehrmlive.com/web/index.php/auth/login,4353,0,3812
1730739706281,5090,OrangeHRMLogin,200,OK,First Application 1-15,text,true,,5889,320,61,160,https://opensource-demo.orangehrmlive.com/web/index.php/auth/login,530,0,260
1730739706281,530,OrangeHRMLogin-0,301,Moved Permanently,First Application 1-15,text,true,,949,160,61,160,http://opensource-demo.orangehrmlive.com/web/index.php/auth/login,530,0,260
1730739706811,4560,OrangeHRMLogin-1,200,OK,First Application 1-15,text,true,,4940,160,61,160,https://opensource-demo.orangehrmlive.com/web/index.php/auth/login,4560,0,3753
1730739706863,4665,OrangeHRMLogin,200,OK,First Application 1-72,text,true,,5880,320,60,159,https://opensource-demo.orangehrmlive.com/web/index.php/auth/login,919,0,462
1730739706863,919,OrangeHRMLogin-0,301,Moved Permanently,First Application 1-72,text,true,,949,160,60,159,http://opensource-demo.orangehrmlive.com/web/index.php/auth/login,919,0,462
1730739707782,3746,OrangeHRMLogin-1,200,OK,First Application 1-72,text,true,,4931,160,60,159,https://opensource-demo.orangehrmlive.com/web/index.php/auth/login,3746,0,917
1730739706898,4632,OrangeHRMLogin,200,OK,First Application 1-77,text,true,,5885,320,59,158,https://opensource-demo.orangehrmlive.com/web/index.php/auth/login,931,0,463
1730739706898,931,OrangeHRMLogin-0,301,Moved Permanently,First Application 1-77,text,true,,949,160,59,158,http://opensource-demo.orangehrmlive.com/web/index.php/auth/login,931,0,463
1730739707829,3701,OrangeHRMLogin-1,200,OK,First Application 1-77,text,true,,4936,160,59,158,https://opensource-demo.orangehrmlive.com/web/index.php/auth/login,3701,0,2378
1730739707131,4405,OrangeHRMLogin,200,OK,First Application 1-99,text,true,,5878,320,58,157,https://opensource-demo.orangehrmlive.com/web/index.php/auth/login,2054,0,470
1730739707131,2054,OrangeHRMLogin-0,301,Moved Permanently,First Application 1-99,text,true,,949,160,58,157,http://opensource-demo.orangehrmlive.com/web/index.php/auth/login,2054,0,470
1730739709184,2352,OrangeHRMLogin-1,200,OK,First Application 1-99,text,true,,4929,160,58,157,https://opensource-demo.orangehrmlive.com/web/index.php/auth/login,2352,0,1831
1730739707142,4559,OrangeHRMLogin,200,OK,First Application 1-100,text,true,,5876,320,57,156,https://opensource-demo.orangehrmlive.com/web/index.php/auth/login,936,0,465
1730739707142,936,OrangeHRMLogin-0,301,Moved Permanently,First Application 1-100,text,true,,949,160,57,156,http://opensource-demo.orangehrmlive.com/web/index.php/auth/login,936,0,465
1730739708079,3622,OrangeHRMLogin-1,200,OK,First Application 1-100,text,true,,4927,160,57,156,https://opensource-demo.orangehrmlive.com/web/index.php/auth/login,3622,0,2167
1730739706732,5095,OrangeHRMLogin,200,OK,First Application 1-59,text,true,,5873,320,56,155,https://opensource-demo.orangehrmlive.com/web/index.php/auth/login,2135,0,493
1730739706732,2135,OrangeHRMLogin-0,301,Moved Permanently,First Application 1-59,text,true,,949,160,56,155,http://opensource-demo.orangehrmlive.com/web/index.php/auth/login,2135,0,493
1730739708867,2960,OrangeHRMLogin-1,200,OK,First Application 1-59,text,true,,4924,160,56,155,https://opensource-demo.orangehrmlive.com/web/index.php/auth/login,2960,0,2185
1730739706475,5368,OrangeHRMLogin,200,OK,First Application 1-34,text,true,,5875,320,55,154,https://opensource-demo.orangehrmlive.com/web/index.php/auth/login,700,0,237
1730739706475,700,OrangeHRMLogin-0,301,Moved Permanently,First Application 1-34,text,true,,949,160,55,154,http://opensource-demo.orangehrmlive.com/web/index.php/auth/login,700,0,237
1730739707175,4668,OrangeHRMLogin-1,200,OK,First Application 1-34,text,true,,4926,160,55,154,https://opensource-demo.orangehrmlive.com/web/index.php/auth/login,4668,0,2168
1730739706854,5050,OrangeHRMLogin,200,OK,First Application 1-73,text,true,,5875,320,54,153,https://opensource-demo.orangehrmlive.com/web/index.php/auth/login,2079,0,471
1730739706854,2079,OrangeHRMLogin-0,301,Moved Permanently,First Application 1-73,text,true,,949,160,54,153,http://opensource-demo.orangehrmlive.com/web/index.php/auth/login,2079,0,471
1730739708933,2971,OrangeHRMLogin-1,200,OK,First Application 1-73,text,true,,4926,160,54,153,https://opensource-demo.orangehrmlive.com/web/index.php/auth/login,2971,0,2153
1730739707042,4933,OrangeHRMLogin,200,OK,First Application 1-90,text,true,,5899,320,53,152,https://opensource-demo.orangehrmlive.com/web/index.php/auth/login,943,0,472
1730739707042,943,OrangeHRMLogin-0,301,Moved Permanently,First Application 1-90,text,true,,949,160,53,152,http://opensource-demo.orangehrmlive.com/web/index.php/auth/login,943,0,472
1730739707986,3989,OrangeHRMLogin-1,200,OK,First Application 1-90,text,true,,4950,160,53,152,https://opensource-demo.orangehrmlive.com/web/index.php/auth/login,3989,0,2154
1730739706962,5052,OrangeHRMLogin,200,OK,First Application 1-82,text,true,,5903,320,52,151,https://opensource-demo.orangehrmlive.com/web/index.php/auth/login,946,0,482
1730739706962,946,OrangeHRMLogin-0,301,Moved Permanently,First Application 1-82,text,true,,949,160,52,151,http://opensource-demo.orangehrmlive.com/web/index.php/auth/login,946,0,482
1730739707908,4106,OrangeHRMLogin-1,200,OK,First Application 1-82,text,true,,4954,160,52,151,https://opensource-demo.orangehrmlive.com/web/index.php/auth/login,4106,0,3284
1730739706599,5428,OrangeHRMLogin,200,OK,First Application 1-46,text,true,,5897,320,51,150,https://opensource-demo.orangehrmlive.com/web/index.php/auth/login,3946,0,2482
1730739706599,3946,OrangeHRMLogin-0,301,Moved Permanently,First Application 1-46,text,true,,949,160,51,150,http://opensource-demo.orangehrmlive.com/web/index.php/auth/login,3946,0,2482
1730739710545,1482,OrangeHRMLogin-1,200,OK,First Application 1-46,text,true,,4948,160,51,150,https://opensource-demo.orangehrmlive.com/web/index.php/auth/login,1482,0,917
1730739706162,5964,OrangeHRMLogin,200,OK,First Application 1-2,text,true,,5883,320,50,149,https://opensource-demo.orangehrmlive.com/web/index.php/auth/login,491,0,244
1730739706162,491,OrangeHRMLogin-0,301,Moved Permanently,First Application 1-2,text,true,,949,160,50,149,http://opensource-demo.orangehrmlive.com/web/index.php/auth/login,491,0,244
1730739706654,5472,OrangeHRMLogin-1,200,OK,First Application 1-2,text,true,,4934,160,50,149,https://opensource-demo.orangehrmlive.com/web/index.php/auth/login,5472,0,4446
1730739706845,5307,OrangeHRMLogin,200,OK,First Application 1-70,text,true,,5902,320,49,148,https://opensource-demo.orangehrmlive.com/web/index.php/auth/login,925,0,464
1730739706845,925,OrangeHRMLogin-0,301,Moved Permanently,First Application 1-70,text,true,,949,160,49,148,http://opensource-demo.orangehrmlive.com/web/index.php/auth/login,925,0,464
1730739707771,4381,OrangeHRMLogin-1,200,OK,First Application 1-70,text,true,,4953,160,49,148,https://opensource-demo.orangehrmlive.com/web/index.php/auth/login,4381,0,945
1730739707070,5143,OrangeHRMLogin,200,OK,First Application 1-93,text,true,,5872,320,48,147,https://opensource-demo.orangehrmlive.com/web/index.php/auth/login,920,0,458
1730739707070,920,OrangeHRMLogin-0,301,Moved Permanently,First Application 1-93,text,true,,949,160,48,147,http://opensource-demo.orangehrmlive.com/web/index.php/auth/login,920,0,458
1730739707990,4223,OrangeHRMLogin-1,200,OK,First Application 1-93,text,true,,4923,160,48,147,https://opensource-demo.orangehrmlive.com/web/index.php/auth/login,4223,0,2493
1730739706864,5365,OrangeHRMLogin,200,OK,First Application 1-74,text,true,,5887,320,47,146,https://opensource-demo.orangehrmlive.com/web/index.php/auth/login,922,0,461
1730739706864,922,OrangeHRMLogin-0,301,Moved Permanently,First Application 1-74,text,true,,949,160,47,146,http://opensource-demo.orangehrmlive.com/web/index.php/auth/login,922,0,461
1730739707786,4443,OrangeHRMLogin-1,200,OK,First Application 1-74,text,true,,4938,160,47,146,https://opensource-demo.orangehrmlive.com/web/index.php/auth/login,4443,0,3597
1730739707081,5209,OrangeHRMLogin,200,OK,First Application 1-94,text,true,,5896,320,46,145,https://opensource-demo.orangehrmlive.com/web/index.php/auth/login,979,0,473
1730739707081,979,OrangeHRMLogin-0,301,Moved Permanently,First Application 1-94,text,true,,949,160,46,145,http://opensource-demo.orangehrmlive.com/web/index.php/auth/login,979,0,473
1730739708061,4229,OrangeHRMLogin-1,200,OK,First Application 1-94,text,true,,4947,160,46,145,https://opensource-demo.orangehrmlive.com/web/index.php/auth/login,4229,0,3317
1730739706875,5483,OrangeHRMLogin,200,OK,First Application 1-75,text,true,,5884,320,45,143,https://opensource-demo.orangehrmlive.com/web/index.php/auth/login,2985,0,1483
1730739706875,2985,OrangeHRMLogin-0,301,Moved Permanently,First Application 1-75,text,true,,949,160,45,143,http://opensource-demo.orangehrmlive.com/web/index.php/auth/login,2985,0,1483
1730739709860,2498,OrangeHRMLogin-1,200,OK,First Application 1-75,text,true,,4935,160,45,143,https://opensource-demo.orangehrmlive.com/web/index.php/auth/login,2498,0,1956
1730739707052,5308,OrangeHRMLogin,200,OK,First Application 1-91,text,true,,5899,320,44,142,https://opensource-demo.orangehrmlive.com/web/index.php/auth/login,933,0,462
1730739707052,933,OrangeHRMLogin-0,301,Moved Permanently,First Application 1-91,text,true,,949,160,44,142,http://opensource-demo.orangehrmlive.com/web/index.php/auth/login,933,0,462
1730739707986,4374,OrangeHRMLogin-1,200,OK,First Application 1-91,text,true,,4950,160,44,142,https://opensource-demo.orangehrmlive.com/web/index.php/auth/login,4374,0,3534
1730739707062,5301,OrangeHRMLogin,200,OK,First Application 1-92,text,true,,5901,320,43,141,https://opensource-demo.orangehrmlive.com/web/index.php/auth/login,924,0,456
1730739707062,924,OrangeHRMLogin-0,301,Moved Permanently,First Application 1-92,text,true,,949,160,43,141,http://opensource-demo.orangehrmlive.com/web/index.php/auth/login,924,0,456
1730739707986,4377,OrangeHRMLogin-1,200,OK,First Application 1-92,text,true,,4952,160,43,141,https://opensource-demo.orangehrmlive.com/web/index.php/auth/login,4377,0,3543
1730739706588,5785,OrangeHRMLogin,200,OK,First Application 1-45,text,true,,5895,320,42,140,https://opensource-demo.orangehrmlive.com/web/index.php/auth/login,859,0,400
1730739706588,859,OrangeHRMLogin-0,301,Moved Permanently,First Application 1-45,text,true,,949,160,42,140,http://opensource-demo.orangehrmlive.com/web/index.php/auth/login,859,0,400
1730739707447,4926,OrangeHRMLogin-1,200,OK,First Application 1-45,text,true,,4946,160,42,140,https://opensource-demo.orangehrmlive.com/web/index.php/auth/login,4926,0,3565
1730739706567,5871,OrangeHRMLogin,200,OK,First Application 1-43,text,true,,5896,320,41,139,https://opensource-demo.orangehrmlive.com/web/index.php/auth/login,834,0,368
1730739706567,834,OrangeHRMLogin-0,301,Moved Permanently,First Application 1-43,text,true,,949,160,41,139,http://opensource-demo.orangehrmlive.com/web/index.php/auth/login,834,0,368
1730739707401,5037,OrangeHRMLogin-1,200,OK,First Application 1-43,text,true,,4947,160,41,139,https://opensource-demo.orangehrmlive.com/web/index.php/auth/login,5037,0,3696
1730739706948,5514,OrangeHRMLogin,200,OK,First Application 1-81,text,true,,5896,320,40,138,https://opensource-demo.orangehrmlive.com/web/index.php/auth/login,936,0,466
1730739706948,936,OrangeHRMLogin-0,301,Moved Permanently,First Application 1-81,text,true,,949,160,40,138,http://opensource-demo.orangehrmlive.com/web/index.php/auth/login,936,0,466
1730739707884,4578,OrangeHRMLogin-1,200,OK,First Application 1-81,text,true,,4947,160,40,138,https://opensource-demo.orangehrmlive.com/web/index.php/auth/login,4578,0,3586
1730739706711,5813,OrangeHRMLogin,200,OK,First Application 1-57,text,true,,5875,320,39,137,https://opensource-demo.orangehrmlive.com/web/index.php/auth/login,910,0,464
1730739706711,910,OrangeHRMLogin-0,301,Moved Permanently,First Application 1-57,text,true,,949,160,39,137,http://opensource-demo.orangehrmlive.com/web/index.php/auth/login,910,0,464
1730739707621,4903,OrangeHRMLogin-1,200,OK,First Application 1-57,text,true,,4926,160,39,137,https://opensource-demo.orangehrmlive.com/web/index.php/auth/login,4903,0,1929
1730739706670,5878,OrangeHRMLogin,200,OK,First Application 1-53,text,true,,5899,320,38,136,https://opensource-demo.orangehrmlive.com/web/index.php/auth/login,951,0,491
1730739706670,951,OrangeHRMLogin-0,301,Moved Permanently,First Application 1-53,text,true,,949,160,38,136,http://opensource-demo.orangehrmlive.com/web/index.php/auth/login,951,0,491
1730739707621,4927,OrangeHRMLogin-1,200,OK,First Application 1-53,text,true,,4950,160,38,136,https://opensource-demo.orangehrmlive.com/web/index.php/auth/login,4927,0,1916
1730739706855,5790,OrangeHRMLogin,200,OK,First Application 1-71,text,true,,5885,320,37,135,https://opensource-demo.orangehrmlive.com/web/index.php/auth/login,960,0,478
1730739706855,960,OrangeHRMLogin-0,301,Moved Permanently,First Application 1-71,text,true,,949,160,37,135,http://opensource-demo.orangehrmlive.com/web/index.php/auth/login,960,0,478
1730739707816,4829,OrangeHRMLogin-1,200,OK,First Application 1-71,text,true,,4936,160,37,135,https://opensource-demo.orangehrmlive.com/web/index.php/auth/login,4829,0,3283
1730739706926,5758,OrangeHRMLogin,200,OK,First Application 1-79,text,true,,5894,320,36,134,https://opensource-demo.orangehrmlive.com/web/index.php/auth/login,970,0,471
1730739706926,970,OrangeHRMLogin-0,301,Moved Permanently,First Application 1-79,text,true,,949,160,36,134,http://opensource-demo.orangehrmlive.com/web/index.php/auth/login,970,0,471
1730739707897,4787,OrangeHRMLogin-1,200,OK,First Application 1-79,text,true,,4945,160,36,134,https://opensource-demo.orangehrmlive.com/web/index.php/auth/login,4787,0,3586
1730739706629,6061,OrangeHRMLogin,200,OK,First Application 1-49,text,true,,5894,320,35,133,https://opensource-demo.orangehrmlive.com/web/index.php/auth/login,1900,0,1464
1730739706629,1900,OrangeHRMLogin-0,301,Moved Permanently,First Application 1-49,text,true,,949,160,35,133,http://opensource-demo.orangehrmlive.com/web/index.php/auth/login,1900,0,1464
1730739708529,4161,OrangeHRMLogin-1,200,OK,First Application 1-49,text,true,,4945,160,35,133,https://opensource-demo.orangehrmlive.com/web/index.php/auth/login,4161,0,3421
1730739706395,6326,OrangeHRMLogin,200,OK,First Application 1-26,text,true,,5903,320,34,132,https://opensource-demo.orangehrmlive.com/web/index.php/auth/login,768,0,281
1730739706395,768,OrangeHRMLogin-0,301,Moved Permanently,First Application 1-26,text,true,,949,160,34,132,http://opensource-demo.orangehrmlive.com/web/index.php/auth/login,768,0,281
1730739707163,5558,OrangeHRMLogin-1,200,OK,First Application 1-26,text,true,,4954,160,34,132,https://opensource-demo.orangehrmlive.com/web/index.php/auth/login,5558,0,2145
1730739706463,6420,OrangeHRMLogin,200,OK,First Application 1-33,text,true,,5879,320,33,131,https://opensource-demo.orangehrmlive.com/web/index.php/auth/login,728,0,249
1730739706463,728,OrangeHRMLogin-0,301,Moved Permanently,First Application 1-33,text,true,,949,160,33,131,http://opensource-demo.orangehrmlive.com/web/index.php/auth/login,728,0,249
1730739707191,5692,OrangeHRMLogin-1,200,OK,First Application 1-33,text,true,,4930,160,33,131,https://opensource-demo.orangehrmlive.com/web/index.php/auth/login,5692,0,2101
1730739707026,5883,OrangeHRMLogin,200,OK,First Application 1-88,text,true,,5894,320,32,130,https://opensource-demo.orangehrmlive.com/web/index.php/auth/login,939,0,480
1730739707026,939,OrangeHRMLogin-0,301,Moved Permanently,First Application 1-88,text,true,,949,160,32,130,http://opensource-demo.orangehrmlive.com/web/index.php/auth/login,939,0,480
1730739707966,4943,OrangeHRMLogin-1,200,OK,First Application 1-88,text,true,,4945,160,32,130,https://opensource-demo.orangehrmlive.com/web/index.php/auth/login,4943,0,3579
1730739706701,6314,OrangeHRMLogin,200,OK,First Application 1-56,text,true,,5886,320,31,129,https://opensource-demo.orangehrmlive.com/web/index.php/auth/login,1993,0,1523
1730739706701,1993,OrangeHRMLogin-0,301,Moved Permanently,First Application 1-56,text,true,,949,160,31,129,http://opensource-demo.orangehrmlive.com/web/index.php/auth/login,1993,0,1523
1730739708694,4321,OrangeHRMLogin-1,200,OK,First Application 1-56,text,true,,4937,160,31,129,https://opensource-demo.orangehrmlive.com/web/index.php/auth/login,4321,0,1964
1730739706983,6113,OrangeHRMLogin,200,OK,First Application 1-84,text,true,,5887,320,30,127,https://opensource-demo.orangehrmlive.com/web/index.php/auth/login,2056,0,461
1730739706983,2056,OrangeHRMLogin-0,301,Moved Permanently,First Application 1-84,text,true,,949,160,30,127,http://opensource-demo.orangehrmlive.com/web/index.php/auth/login,2056,0,461
1730739709038,4058,OrangeHRMLogin-1,200,OK,First Application 1-84,text,true,,4938,160,30,127,https://opensource-demo.orangehrmlive.com/web/index.php/auth/login,4058,0,3226
1730739706578,6535,OrangeHRMLogin,200,OK,First Application 1-44,text,true,,5902,320,29,126,https://opensource-demo.orangehrmlive.com/web/index.php/auth/login,1841,0,394
1730739706578,1841,OrangeHRMLogin-0,301,Moved Permanently,First Application 1-44,text,true,,949,160,29,126,http://opensource-demo.orangehrmlive.com/web/index.php/auth/login,1841,0,394
1730739708419,4694,OrangeHRMLogin-1,200,OK,First Application 1-44,text,true,,4953,160,29,126,https://opensource-demo.orangehrmlive.com/web/index.php/auth/login,4694,0,1927
1730739706452,6939,OrangeHRMLogin,200,OK,First Application 1-32,text,true,,5894,320,28,125,https://opensource-demo.orangehrmlive.com/web/index.php/auth/login,710,0,233
1730739706452,710,OrangeHRMLogin-0,301,Moved Permanently,First Application 1-32,text,true,,949,160,28,125,http://opensource-demo.orangehrmlive.com/web/index.php/auth/login,710,0,233
1730739707162,6229,OrangeHRMLogin-1,200,OK,First Application 1-32,text,true,,4945,160,28,125,https://opensource-demo.orangehrmlive.com/web/index.php/auth/login,6229,0,3568
1730739706992,6476,OrangeHRMLogin,200,OK,First Application 1-85,text,true,,5877,320,27,122,https://opensource-demo.orangehrmlive.com/web/index.php/auth/login,2058,0,472
1730739706992,2058,OrangeHRMLogin-0,301,Moved Permanently,First Application 1-85,text,true,,949,160,27,122,http://opensource-demo.orangehrmlive.com/web/index.php/auth/login,2058,0,472
1730739709049,4419,OrangeHRMLogin-1,200,OK,First Application 1-85,text,true,,4928,160,27,122,https://opensource-demo.orangehrmlive.com/web/index.php/auth/login,4419,0,3597
1730739706815,6920,OrangeHRMLogin,200,OK,First Application 1-66,text,true,,5903,320,26,119,https://opensource-demo.orangehrmlive.com/web/index.php/auth/login,2957,0,1466
1730739706815,2957,OrangeHRMLogin-0,301,Moved Permanently,First Application 1-66,text,true,,949,160,26,119,http://opensource-demo.orangehrmlive.com/web/index.php/auth/login,2957,0,1466
1730739709772,3963,OrangeHRMLogin-1,200,OK,First Application 1-66,text,true,,4954,160,26,119,https://opensource-demo.orangehrmlive.com/web/index.php/auth/login,3963,0,938
1730739706549,7334,OrangeHRMLogin,200,OK,First Application 1-41,text,true,,5896,320,25,117,https://opensource-demo.orangehrmlive.com/web/index.php/auth/login,776,0,310
1730739706549,776,OrangeHRMLogin-0,301,Moved Permanently,First Application 1-41,text,true,,949,160,25,117,http://opensource-demo.orangehrmlive.com/web/index.php/auth/login,776,0,310
1730739707326,6557,OrangeHRMLogin-1,200,OK,First Application 1-41,text,true,,4947,160,25,117,https://opensource-demo.orangehrmlive.com/web/index.php/auth/login,6557,0,950
1730739706311,7647,OrangeHRMLogin,200,OK,First Application 1-18,text,true,,5884,320,24,114,https://opensource-demo.orangehrmlive.com/web/index.php/auth/login,549,0,243
1730739706311,549,OrangeHRMLogin-0,301,Moved Permanently,First Application 1-18,text,true,,949,160,24,114,http://opensource-demo.orangehrmlive.com/web/index.php/auth/login,549,0,243
1730739706861,7097,OrangeHRMLogin-1,200,OK,First Application 1-18,text,true,,4935,160,24,114,https://opensource-demo.orangehrmlive.com/web/index.php/auth/login,7097,0,3279
1730739706484,7846,OrangeHRMLogin,200,OK,First Application 1-35,text,true,,5900,320,23,109,https://opensource-demo.orangehrmlive.com/web/index.php/auth/login,1501,0,258
1730739706484,1501,OrangeHRMLogin-0,301,Moved Permanently,First Application 1-35,text,true,,949,160,23,109,http://opensource-demo.orangehrmlive.com/web/index.php/auth/login,1501,0,258
1730739707987,6343,OrangeHRMLogin-1,200,OK,First Application 1-35,text,true,,4951,160,23,109,https://opensource-demo.orangehrmlive.com/web/index.php/auth/login,6343,0,3232
1730739706741,7807,OrangeHRMLogin,200,OK,First Application 1-60,text,true,,5874,320,22,108,https://opensource-demo.orangehrmlive.com/web/index.php/auth/login,1936,0,1484
1730739706741,1936,OrangeHRMLogin-0,301,Moved Permanently,First Application 1-60,text,true,,949,160,22,108,http://opensource-demo.orangehrmlive.com/web/index.php/auth/login,1936,0,1484
1730739708677,5871,OrangeHRMLogin-1,200,OK,First Application 1-60,text,true,,4925,160,22,108,https://opensource-demo.orangehrmlive.com/web/index.php/auth/login,5871,0,2431
1730739706433,8213,OrangeHRMLogin,200,OK,First Application 1-30,text,true,,5885,320,21,106,https://opensource-demo.orangehrmlive.com/web/index.php/auth/login,2942,0,2500
1730739706433,2942,OrangeHRMLogin-0,301,Moved Permanently,First Application 1-30,text,true,,949,160,21,106,http://opensource-demo.orangehrmlive.com/web/index.php/auth/login,2942,0,2500
1730739709375,5271,OrangeHRMLogin-1,200,OK,First Application 1-30,text,true,,4936,160,21,106,https://opensource-demo.orangehrmlive.com/web/index.php/auth/login,5271,0,1972
1730739706887,7803,OrangeHRMLogin,200,OK,First Application 1-76,text,true,,5900,320,20,104,https://opensource-demo.orangehrmlive.com/web/index.php/auth/login,6312,0,1479
1730739706887,6312,OrangeHRMLogin-0,301,Moved Permanently,First Application 1-76,text,true,,949,160,20,104,http://opensource-demo.orangehrmlive.com/web/index.php/auth/login,6312,0,1479
1730739713199,1491,OrangeHRMLogin-1,200,OK,First Application 1-76,text,true,,4951,160,20,104,https://opensource-demo.orangehrmlive.com/web/index.php/auth/login,1491,0,946
1730739706250,8530,OrangeHRMLogin,200,OK,First Application 1-12,text,true,,5884,320,19,103,https://opensource-demo.orangehrmlive.com/web/index.php/auth/login,497,0,242
1730739706250,497,OrangeHRMLogin-0,301,Moved Permanently,First Application 1-12,text,true,,949,160,19,103,http://opensource-demo.orangehrmlive.com/web/index.php/auth/login,497,0,242
1730739706748,8032,OrangeHRMLogin-1,200,OK,First Application 1-12,text,true,,4935,160,19,103,https://opensource-demo.orangehrmlive.com/web/index.php/auth/login,8032,0,7061
1730739707123,7682,OrangeHRMLogin,200,OK,First Application 1-98,text,true,,5886,320,18,101,https://opensource-demo.orangehrmlive.com/web/index.php/auth/login,5319,0,466
1730739707091,7715,OrangeHRMLogin,200,OK,First Application 1-95,text,true,,5889,320,18,101,https://opensource-demo.orangehrmlive.com/web/index.php/auth/login,918,0,456
1730739707123,5319,OrangeHRMLogin-0,301,Moved Permanently,First Application 1-98,text,true,,949,160,18,101,http://opensource-demo.orangehrmlive.com/web/index.php/auth/login,5319,0,466
1730739707091,918,OrangeHRMLogin-0,301,Moved Permanently,First Application 1-95,text,true,,949,160,18,101,http://opensource-demo.orangehrmlive.com/web/index.php/auth/login,918,0,456
1730739708010,6796,OrangeHRMLogin-1,200,OK,First Application 1-95,text,true,,4940,160,18,101,https://opensource-demo.orangehrmlive.com/web/index.php/auth/login,6796,0,5443
1730739712441,2364,OrangeHRMLogin-1,200,OK,First Application 1-98,text,true,,4937,160,18,101,https://opensource-demo.orangehrmlive.com/web/index.php/auth/login,2364,0,940
1730739707001,7818,OrangeHRMLogin,200,OK,First Application 1-86,text,true,,5899,320,16,99,https://opensource-demo.orangehrmlive.com/web/index.php/auth/login,925,0,460
1730739707001,925,OrangeHRMLogin-0,301,Moved Permanently,First Application 1-86,text,true,,949,160,16,99,http://opensource-demo.orangehrmlive.com/web/index.php/auth/login,925,0,460
1730739707926,6893,OrangeHRMLogin-1,200,OK,First Application 1-86,text,true,,4950,160,16,99,https://opensource-demo.orangehrmlive.com/web/index.php/auth/login,6893,0,6088
1730739706846,8274,OrangeHRMLogin,200,OK,First Application 1-69,text,true,,5876,320,15,93,https://opensource-demo.orangehrmlive.com/web/index.php/auth/login,1959,0,1493
1730739706846,1959,OrangeHRMLogin-0,301,Moved Permanently,First Application 1-69,text,true,,949,160,15,93,http://opensource-demo.orangehrmlive.com/web/index.php/auth/login,1959,0,1493
1730739708805,6315,OrangeHRMLogin-1,200,OK,First Application 1-69,text,true,,4927,160,15,93,https://opensource-demo.orangehrmlive.com/web/index.php/auth/login,6314,0,923
1730739706908,8220,OrangeHRMLogin,200,OK,First Application 1-78,text,true,,5888,320,14,92,https://opensource-demo.orangehrmlive.com/web/index.php/auth/login,2217,0,486
1730739706908,2217,OrangeHRMLogin-0,301,Moved Permanently,First Application 1-78,text,true,,949,160,14,92,http://opensource-demo.orangehrmlive.com/web/index.php/auth/login,2217,0,486
1730739709125,6003,OrangeHRMLogin-1,200,OK,First Application 1-78,text,true,,4939,160,14,92,https://opensource-demo.orangehrmlive.com/web/index.php/auth/login,6003,0,3397
1730739706935,8253,OrangeHRMLogin,200,OK,First Application 1-80,text,true,,5883,320,13,90,https://opensource-demo.orangehrmlive.com/web/index.php/auth/login,961,0,467
1730739706771,8416,OrangeHRMLogin,200,OK,First Application 1-63,text,true,,5899,320,13,90,https://opensource-demo.orangehrmlive.com/web/index.php/auth/login,947,0,476
1730739706935,961,OrangeHRMLogin-0,301,Moved Permanently,First Application 1-80,text,true,,949,160,13,90,http://opensource-demo.orangehrmlive.com/web/index.php/auth/login,961,0,467
1730739706771,947,OrangeHRMLogin-0,301,Moved Permanently,First Application 1-63,text,true,,949,160,13,90,http://opensource-demo.orangehrmlive.com/web/index.php/auth/login,947,0,476
1730739707897,7291,OrangeHRMLogin-1,200,OK,First Application 1-80,text,true,,4934,160,13,90,https://opensource-demo.orangehrmlive.com/web/index.php/auth/login,7291,0,6555
1730739707718,7469,OrangeHRMLogin-1,200,OK,First Application 1-63,text,true,,4950,160,13,90,https://opensource-demo.orangehrmlive.com/web/index.php/auth/login,7469,0,4576
1730739707015,8140,OrangeHRMLogin,200,OK,First Application 1-87,text,true,,5879,320,13,90,https://opensource-demo.orangehrmlive.com/web/index.php/auth/login,972,0,494
1730739707015,972,OrangeHRMLogin-0,301,Moved Permanently,First Application 1-87,text,true,,949,160,13,90,http://opensource-demo.orangehrmlive.com/web/index.php/auth/login,972,0,494
1730739707987,7168,OrangeHRMLogin-1,200,OK,First Application 1-87,text,true,,4930,160,13,90,https://opensource-demo.orangehrmlive.com/web/index.php/auth/login,7168,0,6422
1730739706504,8793,OrangeHRMLogin,200,OK,First Application 1-37,text,true,,5874,320,10,86,https://opensource-demo.orangehrmlive.com/web/index.php/auth/login,4674,0,239
1730739706504,4674,OrangeHRMLogin-0,301,Moved Permanently,First Application 1-37,text,true,,949,160,10,86,http://opensource-demo.orangehrmlive.com/web/index.php/auth/login,4674,0,239
1730739711177,4120,OrangeHRMLogin-1,200,OK,First Application 1-37,text,true,,4925,160,10,86,https://opensource-demo.orangehrmlive.com/web/index.php/auth/login,4120,0,930
1730739706366,9235,OrangeHRMLogin,200,OK,First Application 1-23,text,true,,5903,320,9,81,https://opensource-demo.orangehrmlive.com/web/index.php/auth/login,4812,0,246
1730739706366,4812,OrangeHRMLogin-0,301,Moved Permanently,First Application 1-23,text,true,,949,160,9,81,http://opensource-demo.orangehrmlive.com/web/index.php/auth/login,4812,0,246
1730739711177,4424,OrangeHRMLogin-1,200,OK,First Application 1-23,text,true,,4954,160,9,81,https://opensource-demo.orangehrmlive.com/web/index.php/auth/login,4424,0,3606
1730739706974,8862,OrangeHRMLogin,200,OK,First Application 1-83,text,true,,5901,320,8,75,https://opensource-demo.orangehrmlive.com/web/index.php/auth/login,1911,0,1445
1730739706974,1911,OrangeHRMLogin-0,301,Moved Permanently,First Application 1-83,text,true,,949,160,8,75,http://opensource-demo.orangehrmlive.com/web/index.php/auth/login,1911,0,1445
1730739708885,6951,OrangeHRMLogin-1,200,OK,First Application 1-83,text,true,,4952,160,8,75,https://opensource-demo.orangehrmlive.com/web/index.php/auth/login,6951,0,3663
1730739706637,9811,OrangeHRMLogin,200,OK,First Application 1-50,text,true,,5897,320,7,64,https://opensource-demo.orangehrmlive.com/web/index.php/auth/login,1902,0,1460
1730739706637,1902,OrangeHRMLogin-0,301,Moved Permanently,First Application 1-50,text,true,,949,160,7,64,http://opensource-demo.orangehrmlive.com/web/index.php/auth/login,1902,0,1460
1730739708539,7909,OrangeHRMLogin-1,200,OK,First Application 1-50,text,true,,4948,160,7,64,https://opensource-demo.orangehrmlive.com/web/index.php/auth/login,7909,0,2843
1730739706536,10048,OrangeHRMLogin,200,OK,First Application 1-40,text,true,,5873,320,6,59,https://opensource-demo.orangehrmlive.com/web/index.php/auth/login,723,0,271
1730739706536,723,OrangeHRMLogin-0,301,Moved Permanently,First Application 1-40,text,true,,949,160,6,59,http://opensource-demo.orangehrmlive.com/web/index.php/auth/login,723,0,271
1730739707259,9325,OrangeHRMLogin-1,200,OK,First Application 1-40,text,true,,4924,160,6,59,https://opensource-demo.orangehrmlive.com/web/index.php/auth/login,9325,0,1968
1730739706494,10101,OrangeHRMLogin,200,OK,First Application 1-36,text,true,,5888,320,5,56,https://opensource-demo.orangehrmlive.com/web/index.php/auth/login,731,0,253
1730739706494,731,OrangeHRMLogin-0,301,Moved Permanently,First Application 1-36,text,true,,949,160,5,56,http://opensource-demo.orangehrmlive.com/web/index.php/auth/login,731,0,253
1730739707226,9369,OrangeHRMLogin-1,200,OK,First Application 1-36,text,true,,4939,160,5,56,https://opensource-demo.orangehrmlive.com/web/index.php/auth/login,9369,0,7896
1730739706180,10434,OrangeHRMLogin,200,OK,First Application 1-4,text,true,,5896,320,4,55,https://opensource-demo.orangehrmlive.com/web/index.php/auth/login,4731,0,255
1730739706180,4731,OrangeHRMLogin-0,301,Moved Permanently,First Application 1-4,text,true,,949,160,4,55,http://opensource-demo.orangehrmlive.com/web/index.php/auth/login,4731,0,255
1730739710910,5704,OrangeHRMLogin-1,200,OK,First Application 1-4,text,true,,4947,160,4,55,https://opensource-demo.orangehrmlive.com/web/index.php/auth/login,5704,0,3651
1730739706423,10729,OrangeHRMLogin,200,OK,First Application 1-29,text,true,,5884,320,3,42,https://opensource-demo.orangehrmlive.com/web/index.php/auth/login,1370,0,242
1730739706423,1370,OrangeHRMLogin-0,301,Moved Permanently,First Application 1-29,text,true,,949,160,3,42,http://opensource-demo.orangehrmlive.com/web/index.php/auth/login,1370,0,242
1730739707794,9358,OrangeHRMLogin-1,200,OK,First Application 1-29,text,true,,4935,160,3,42,https://opensource-demo.orangehrmlive.com/web/index.php/auth/login,9358,0,2733
1730739706825,10916,OrangeHRMLogin,200,OK,First Application 1-68,text,true,,5874,320,2,29,https://opensource-demo.orangehrmlive.com/web/index.php/auth/login,5366,0,467
1730739706825,5366,OrangeHRMLogin-0,301,Moved Permanently,First Application 1-68,text,true,,949,160,2,29,http://opensource-demo.orangehrmlive.com/web/index.php/auth/login,5366,0,467
1730739712191,5550,OrangeHRMLogin-1,200,OK,First Application 1-68,text,true,,4925,160,2,29,https://opensource-demo.orangehrmlive.com/web/index.php/auth/login,5550,0,3548
1730739706384,11979,OrangeHRMLogin,200,OK,First Application 1-25,text,true,,5883,320,1,9,https://opensource-demo.orangehrmlive.com/web/index.php/auth/login,10903,0,226
1730739706384,10903,OrangeHRMLogin-0,301,Moved Permanently,First Application 1-25,text,true,,949,160,1,9,http://opensource-demo.orangehrmlive.com/web/index.php/auth/login,10903,0,226
1730739717287,1076,OrangeHRMLogin-1,200,OK,First Application 1-25,text,true,,4934,160,1,9,https://opensource-demo.orangehrmlive.com/web/index.php/auth/login,1076,0,713
